<?xml version="1.0" encoding="UTF-8"?>
<!DOCTYPE mapper PUBLIC "-//mybatis.org//DTD Mapper 3.0//EN" "http://mybatis.org/dtd/mybatis-3-mapper.dtd">
<mapper namespace="com.xy.sky.mapper.ClassMapper">
	<resultMap id="BaseResultMap" type="com.xy.sky.bean.Class">
		<id column="id" jdbcType="INTEGER" property="id" />
		<result column="name" jdbcType="VARCHAR" property="name" />
	</resultMap>

	<sql id="Base_Column_List">
		id, name
	</sql>
	<select id="getClassName" parameterType="java.lang.Integer"
		resultType="java.lang.String">
		select name from s_class where id=#{id}
	</select>

	<select id="selectByPrimaryKey"
		parameterType="java.lang.Integer" resultMap="BaseResultMap">
		select
		<include refid="Base_Column_List" />
		from s_class
		where id = #{id,jdbcType=INTEGER}
	</select>

	<delete id="deleteByPrimaryKey"
		parameterType="java.lang.Integer">
		delete from s_class
		where id = #{id,jdbcType=INTEGER}
	</delete>

	<insert id="insert" parameterType="com.xy.sky.bean.Class">
		insert into s_class (id, name)
		values (#{id,jdbcType=INTEGER}, #{name,jdbcType=VARCHAR})
	</insert>

	<insert id="insertSelective"
		parameterType="com.xy.sky.bean.Class">
		insert into s_class
		<trim prefix="(" suffix=")" suffixOverrides=",">
			<if test="id != null">
				id,
			</if>
			<if test="name != null">
				name,
			</if>
		</trim>
		<trim prefix="values (" suffix=")" suffixOverrides=",">
			<if test="id != null">
				#{id,jdbcType=INTEGER},
			</if>
			<if test="name != null">
				#{name,jdbcType=VARCHAR},
			</if>
		</trim>
	</insert>

	<update id="updateByPrimaryKeySelective"
		parameterType="com.xy.sky.bean.Class">
		update s_class
		<set>
			<if test="name != null">
				name = #{name,jdbcType=VARCHAR},
			</if>
		</set>
		where id = #{id,jdbcType=INTEGER}
	</update>

	<update id="updateByPrimaryKey"
		parameterType="com.xy.sky.bean.Class">
		update s_class
		set name = #{name,jdbcType=VARCHAR}
		where id = #{id,jdbcType=INTEGER}
	</update>
</mapper>