<?xml version="1.0" encoding="UTF-8"?>
<!DOCTYPE mapper PUBLIC "-//mybatis.org//DTD Mapper 3.0//EN" "http://mybatis.org/dtd/mybatis-3-mapper.dtd">
<mapper namespace="com.xy.sky.mapper.CourseMapper">
	<resultMap type="com.xy.sky.bean.Course" id="BaseResultMap">
		<id column="course_id" property="id"/>
		<result column="course_name" property="name"/>
		<result column="course_date" property="date"/>
		<result column="student_num" property="num"/>
		<association property="teacher" javaType="Teacher">
			<id column="id" property="id"/>
			<result column="name" property="name"/>
		</association>
	</resultMap>
	<select id="courseJoinTeacher" resultMap="BaseResultMap">
		SELECT c.course_id,c.course_name,t.id,t.name,c.course_date,c.student_num FROM s_course c INNER JOIN s_teacher t ON c.teacher_id=t.id
	</select>

	<update id="addStudentNumToCourse" parameterType="java.lang.Integer">
		update s_course set `student_num`=`student_num`-1 where course_id=#{id} AND `student_num`>0
	</update>

	<insert id="addCourseOfStudent">
		insert into s_student_select_course values(#{courseId},#{studentId})
	</insert>

	<select id="getChoosedCourse" resultType="java.lang.Integer" parameterType="java.lang.Integer">
		select `course_id` from s_student_select_course where student_id=#{studentId}
	</select>

	<insert id="addCurriculum">
		insert into s_curriculum (student_id,`${courseTimeColumn}`) values (#{studentId},#{courseId})
	</insert>

	<update id="addCourseAtTime">
		update s_curriculum set `${courseTimeColumn}`=#{courseId} where student_id=#{studentId}
	</update>

	<select id="querryStudentIdInCurriculum" resultType="java.lang.Integer">
		select student_id from s_curriculum
	</select>

	<select id="querryCourseAtTime" resultType="java.lang.String">
		select `${courseTimeColumn}` from s_curriculum where student_id=#{studentId}
	</select>

	<select id="getCourseNameById" resultType="java.lang.String" parameterType="java.lang.Integer">
		select course_name from s_course where course_id=#{courseId}
	</select>

	<select id="getAllCoursesName" resultType="java.lang.String">
		select course_name from s_course
	</select>

	<select id="getCourseIdsByTeacherId" parameterType="java.lang.Integer" resultType="java.lang.Integer">
		select course_id from s_course where teacher_id=#{teacherId}
	</select>

	<select id="getCourseIdByTeacherAndCourse" resultType="java.lang.Integer">
		select course_id from s_course where course_name=#{courseName} and teacher_id=#{teacherId}
	</select>

	<select id="getTeacherIdsByName" resultType="java.lang.Integer" parameterType="java.lang.String">
		select id from s_teacher where name=#{name}
	</select>

	<select id="getStudentIdByCourseId" resultType="java.lang.Integer" parameterType="java.lang.Integer">
		select student_id from s_student_select_course where course_id=#{courseId}
	</select>

</mapper>