<?xml version="1.0" encoding="UTF-8"?>
<!DOCTYPE mapper PUBLIC "-//mybatis.org//DTD Mapper 3.0//EN" "http://mybatis.org/dtd/mybatis-3-mapper.dtd">
<mapper namespace="com.xy.sky.mapper.NewsMapper">
	<resultMap type="com.xy.sky.bean.News" id="BaseResultMap">
		<id column="id" property="id" />
		<result column="title" property="title" />
		<result column="content" property="content" />
		<result column="temperature" property="temperature" />
		<result column="collect" property="collect" />
		<result column="publish_time" property="publish_time" />
	</resultMap>

	<sql id="Base_Column_List">
		id,title,content,temperature,collect,publish_time
	</sql>

	<select id="queryNews" resultType="news">
		select * from s_news ORDER BY publish_time DESC
	</select>

	<select id="queryNewsOrderByTemperature" resultType="news">
		select * from s_news ORDER BY temperature DESC,publish_time DESC
	</select>

	<select id="queryNewsOrderByCollect" resultType="news">
		select * from s_news ORDER BY collect DESC,publish_time DESC
	</select>

	<select id="queryOneNews" resultType="news"
		parameterType="java.lang.Integer">
		select * from s_news where id=#{id}
	</select>

	<select id="selectTemperature" resultType="java.lang.Integer"
		parameterType="java.lang.Integer">
		select temperature from s_news where id=#{id}
	</select>

	<select id="selectCollect" resultType="java.lang.Integer"
		parameterType="java.lang.Integer">
		select collect from s_news where id=#{id}
	</select>

	<update id="addTemperature" parameterType="java.lang.Integer">
		update s_news set temperature=temperature+1 where id=#{id}
	</update>

	<update id="addCollect">
		update s_news set collect=#{count} where id=#{id}
	</update>

	<update id="addCollectInfo">
		insert into
		s_collect(user_id,news_id,user_select)values(#{userId},#{newsId},
		<if test="select=='student'">
			's_student'
		</if>
		<if test="select=='teacher'">
			's_teacher'
		</if>
		<if test="select=='admin'">
			's_admin'
		</if>
		)
	</update>

	<select id="countCollect" resultType="java.lang.Integer"
		parameterType="java.lang.Integer">
		select count(*) from s_collect where news_id=#{newsId}
	</select>

	<select id="queryCollectInfo" resultType="newsCollectInfo">
		select * from s_collect where news_id=#{newsId} and user_id=#{userId}
		and user_select=
		<if test="select=='student'">
			's_student'
		</if>
		<if test="select=='teacher'">
			's_teacher'
		</if>
		<if test="select=='admin'">
			's_admin'
		</if>
	</select>

	<insert id="createNews" parameterType="news">
		insert into s_news(`title`,`content`,`temperature`,`publish_time`)values(#{title},#{content},0,#{publish_time})
	</insert>

	<delete id="lostCollect">
		delete from s_collect where `user_id`=#{userid} and `news_id`=#{newsid} and `user_select`=#{select}
	</delete>

	<select id="getCollectedNews" resultType="news">
		select n.* FROM s_news n JOIN s_collect c ON n.id=c.news_id WHERE c.user_id=#{user.id} AND user_select='s_${user.select}'
		ORDER BY
		<if test="order=='temperature'">
			temperature DESC,
		</if>
		<if test="order=='collect'">
			collect DESC,
		</if>
		publish_time DESC
	</select>
</mapper>