<?xml version="1.0" encoding="UTF-8"?>
<!DOCTYPE mapper PUBLIC "-//mybatis.org//DTD Mapper 3.0//EN" "http://mybatis.org/dtd/mybatis-3-mapper.dtd">
<mapper namespace="com.xy.sky.mapper.StudentJoinClassMapper">
	<resultMap type="student" id="studentJoinClassMap">
		<id column="id" property="id" />
		<result column="name" property="name" />
		<result column="password" property="password" />
		<result column="cid" property="classid" />
		<association property="cla" javaType="class">
			<id column="cid" property="id" />
			<result column="cname" property="name" />
		</association>
	</resultMap>

	<select id="getTotalRecordsCountForStudentJoinClass"
		resultType="java.lang.Long">
		select count(*) from s_student stu inner join s_class cla
		on stu.classId=cla.id
	</select>

	<!--匹配的类中没有无参构造时mybatis会默认匹配类中的有参构造的参数 -->
	<select id="getStudentJoinClass" resultMap="studentJoinClassMap">
		select stu.id,stu.name,stu.password,cla.id cid,cla.name cname from
		s_student stu inner join s_class cla on stu.classId=cla.id ORDER BY stu.id <!-- limit #{(currentPage
			- 1) * pageRecords},#{pageRecords} -->
	</select>

	<update id="upDatePsw">
		update s_#{select} set password=#{ps} where id=#{id}
	</update>

	<select id="queryOnesStudentInfo"
		resultMap="studentJoinClassMap">
		SELECT stu.id,stu.name,stu.password,cla.id cid,cla.name cname FROM
		s_student stu INNER JOIN s_class cla ON stu.classId=cla.id
		<if test="id!=null">
			AND stu.id=#{id}
		</if>
		<if test="name!=''">
			AND stu.name=#{name}
		</if>
		<if test="classid!=null">
			AND stu.classId=#{classid}
		</if>
		ORDER BY stu.id
	</select>
</mapper>