<?xml version="1.0" encoding="UTF-8"?>
<!DOCTYPE mapper PUBLIC "-//mybatis.org//DTD Mapper 3.0//EN" "http://mybatis.org/dtd/mybatis-3-mapper.dtd">
<mapper namespace="com.xy.sky.mapper.StudentMapper">
	<cache></cache>
	<resultMap id="BaseResultMap" type="com.xy.sky.bean.Student">
		<id column="id" jdbcType="INTEGER" property="id" />
		<result column="name" jdbcType="VARCHAR" property="name" />
		<result column="classId" jdbcType="INTEGER" property="classid" />
		<result column="password" jdbcType="VARCHAR"
			property="password" />
		<result column="sex" jdbcType="VARCHAR" property="sex" />
	</resultMap>
	<sql id="Base_Column_List">
		id, name, classId, password, sex
	</sql>

	<delete id="deleteInfo" parameterType="java.lang.Integer">
		delete from s_student
		where id=#{id}
	</delete>

	<select id="selectByPrimaryKey"
		parameterType="java.lang.Integer" resultMap="BaseResultMap">
		select
		<include refid="Base_Column_List" />
		from s_student
		where id = #{id,jdbcType=INTEGER}
	</select>

	<delete id="deleteByPrimaryKey"
		parameterType="java.lang.Integer">
		delete from s_student
		where id = #{id,jdbcType=INTEGER}
	</delete>

	<insert id="insert" parameterType="com.xy.sky.bean.Student">
		insert into s_student (id,
		name, classId,
		password, sex)
		values (#{id,jdbcType=INTEGER},
		#{name,jdbcType=VARCHAR},
		#{classid,jdbcType=INTEGER},
		#{password,jdbcType=VARCHAR}, #{sex,jdbcType=VARCHAR})
	</insert>

	<insert id="insertSelective"
		parameterType="com.xy.sky.bean.Student">
		insert into s_student
		<trim prefix="(" suffix=")" suffixOverrides=",">
			<if test="id != null">
				id,
			</if>
			<if test="name != null">
				name,
			</if>
			<if test="classid != null">
				classId,
			</if>
			<if test="password != null">
				password,
			</if>
			<if test="sex != null">
				sex,
			</if>
		</trim>
		<trim prefix="values (" suffix=")" suffixOverrides=",">
			<if test="id != null">
				#{id,jdbcType=INTEGER},
			</if>
			<if test="name != null">
				#{name,jdbcType=VARCHAR},
			</if>
			<if test="classid != null">
				#{classid,jdbcType=INTEGER},
			</if>
			<if test="password != null">
				#{password,jdbcType=VARCHAR},
			</if>
			<if test="sex != null">
				#{sex,jdbcType=VARCHAR},
			</if>
		</trim>
	</insert>

	<update id="updateByPrimaryKeySelective"
		parameterType="com.xy.sky.bean.Student">
		update s_student
		<set>
			<if test="name != null">
				name = #{name,jdbcType=VARCHAR},
			</if>
			<if test="classid != null">
				classId = #{classid,jdbcType=INTEGER},
			</if>
			<if test="password != null">
				password = #{password,jdbcType=VARCHAR},
			</if>
			<if test="sex != null">
				sex = #{sex,jdbcType=VARCHAR},
			</if>
		</set>
		where id = #{id,jdbcType=INTEGER}
	</update>

	<update id="updateByPrimaryKey"
		parameterType="com.xy.sky.bean.Student">
		update s_student
		set name = #{name,jdbcType=VARCHAR},
		classId = #{classid,jdbcType=INTEGER},
		password =
		#{password,jdbcType=VARCHAR},
		sex = #{sex,jdbcType=VARCHAR}
		where id =
		#{id,jdbcType=INTEGER}
	</update>

	<select id="getStudentNameById" parameterType="java.lang.Integer" resultType="java.lang.String">
		select name from s_student where id=#{studentId}
	</select>
</mapper>