<?xml version="1.0" encoding="UTF-8"?>
<!DOCTYPE mapper PUBLIC "-//mybatis.org//DTD Mapper 3.0//EN" "http://mybatis.org/dtd/mybatis-3-mapper.dtd">
<mapper namespace="com.xy.sky.mapper.TaskMapper">
	<resultMap type="task" id="BaseResultMap">
		<result column="student_id" property="studentId"/>
		<result column="course_id" property="courseId"/>
		<result column="task_name" property="taskName"/>
		<result column="task_file_url" property="taskFileUrl"/>
	</resultMap>
	<insert id="addTask" parameterType="task">
		insert into s_task values (#{studentId},#{courseId},#{taskName},#{taskFileUrl})
	</insert>

	<select id="querryTaskByStudentId" resultMap="BaseResultMap" parameterType="java.lang.Integer">
		select * from s_task where student_id=#{studentId}
	</select>

	<delete id="deleteTask">
		delete from s_task where course_id=#{courseId} and student_id=#{studentId}
	</delete>

	<select id="getAllStudentTask" parameterType="java.lang.Integer" resultMap="BaseResultMap">
		select * from s_task where course_id in (
		<foreach collection="courseIds" item="courseId" separator=",">
			#{courseId}
		</foreach>
		)
	</select>

</mapper>