<?xml version="1.0" encoding="UTF-8"?>
<!DOCTYPE mapper PUBLIC "-//mybatis.org//DTD Mapper 3.0//EN" "http://mybatis.org/dtd/mybatis-3-mapper.dtd">
<mapper namespace="com.xy.sky.mapper.TaskScoreMapper">
	<resultMap type="taskScore" id="BaseResultMap">
		<result column="student_id" property="studentId"/>
		<result column="course_id" property="courseId"/>
		<result column="task_name" property="taskName"/>
		<result column="task_score" property="taskScore"/>
	</resultMap>
	<resultMap type="taskScore" id="taskJoinCourse">
		<result column="task_name" property="taskName"/>
		<result column="task_score" property="taskScore"/>
		<association property="course">
			<result column="course_name" property="name"/>
		</association>
	</resultMap>
	<resultMap type="taskScore" id="taskJoinStudentJoinCourse">
		<result column="student_id" property="studentId"/>
		<result column="task_name" property="taskName"/>
		<result column="task_score" property="taskScore"/>
		<association property="student">
			<result column="name" property="name"/>
		</association>
		<association property="course">
			<result column="course_name" property="name"/>
		</association>
	</resultMap>
	<insert id="addTaskScore" parameterType="taskScore">
		insert into s_task_score values (#{studentId},#{taskName},#{courseId},#{taskScore})
	</insert>

	<select id="getTaskScoreByStudentId" resultMap="taskJoinCourse" parameterType="java.lang.Integer">
		select `course_name`,`task_name`,`task_score` FROM s_task_score t
		JOIN s_course c ON t.course_id=c.course_id AND student_id=#{studentId}
	</select>

	<select id="getTaskScoreByCourseIds" resultMap="taskJoinStudentJoinCourse" parameterType="java.lang.Integer">
		select `student_id`,`name`,`course_name`,`task_name`,`task_score` from s_task_score sc
		JOIN s_student st ON sc.student_id=st.id
		JOIN s_course co ON sc.course_id=co.course_id
		WHERE sc.course_id in (
		<foreach collection="courseIds" item="courseId" separator=",">
			#{courseId}
		</foreach>
		)
	</select>

</mapper>