<?xml version="1.0" encoding="UTF-8"?>
<!DOCTYPE mapper PUBLIC "-//mybatis.org//DTD Mapper 3.0//EN" "http://mybatis.org/dtd/mybatis-3-mapper.dtd">
<mapper namespace="com.xy.sky.mapper.UserMapper">
	<resultMap id="BaseResultMap" type="com.xy.sky.bean.User">
		<id column="id" jdbcType="INTEGER" property="id" />
		<result column="password" jdbcType="VARCHAR" property="psw" />
		<result column="select" jdbcType="VARCHAR" property="select" />
	</resultMap>

	<sql id="Base_Column_List">
		id, password, select
	</sql>

	<select id="getAdminName" parameterType="user"
		resultType="java.lang.String">
		select name from
		<if test="select=='student'">
			s_student
		</if>
		<if test="select=='teacher'">
			s_teacher
		</if>
		<if test="select=='admin'">
			s_admin
		</if>
		where id=#{id}
	</select>

	<select id="getAdminIds" parameterType="java.lang.String"
		resultType="java.lang.Integer">
		select id from
		<if test="select=='student'">
			s_student
		</if>
		<if test="select=='teacher'">
			s_teacher
		</if>
		<if test="select=='admin'">
			s_admin
		</if>
	</select>

	<select id="getPsword" parameterType="user"
		resultType="java.lang.String">
		select password from
		<if test="select=='student'">
			s_student
		</if>
		<if test="select=='teacher'">
			s_teacher
		</if>
		<if test="select=='admin'">
			s_admin
		</if>
		where id=#{id}
	</select>

	<update id="upDatePsw" parameterType="user">
		update
		<if test="select=='student'">
			s_student
		</if>
		<if test="select=='teacher'">
			s_teacher
		</if>
		<if test="select=='admin'">
			s_admin
		</if>
		set password=#{password} where id=#{id}
	</update>

	<insert id="addInfo">
		insert into
		<if test="user.select=='student'">
			s_student
		</if>
		<if test="user.select=='teacher'">
			s_teacher
		</if>
		<if test="user.select=='admin'">
			s_admin
		</if>
		(id,name,password)values(#{user.id},#{name},#{user.password})
	</insert>

	<update id="UpDateBirthday">
		update
		<if test="select=='student'">
			s_student
		</if>
		<if test="select=='teacher'">
			s_teacher
		</if>
		<if test="select=='admin'">
			s_admin
		</if>
		set birthday=#{birthday} where id=#{id}
	</update>
</mapper>
